target,assay,primer,sequence_5to3,length_nt,amplicon_bp,annealing_C,notes
FOXF1 (FENDRR),qPCR,F,TAAAATTGCAGATCCTCCCG,20,58,62,
FOXF1 (FENDRR),qPCR,R,AACGTTCGCATTGGTTTAGC,20,58,62,
OXTR,qPCR,F,GGACGCCTTTCTTCTTCGTG,20,128,60,
OXTR,qPCR,R,CATGTAGATCCAGGGGTTGCAG,22,128,60,
CAMK2D,qPCR,F,AGAAGAGACTCGTGTGTGGC,20,100,60,primer conc reduced (half)
CAMK2D,qPCR,R,AATACAGGGTGGCTTGATGGG,21,100,60,primer conc reduced (half)
ITPR1,qPCR,F,GACGCAGTGCTACTCAACAAAC,22,126,60,
ITPR1,qPCR,R,CAAATGCAGGAGCTGGATCAC,21,126,60,
RCAN1,qPCR,F,AGACTGAGTTTCTGGGAAAGGA,22,101,60,
RCAN1,qPCR,R,CAGAAACTGCTTGTCTGGATTTG,23,101,60,
RGS2,qPCR,F,GGGAGAACGATAATGCAAAGTG,22,155,60,primer conc reduced (quarter)
RGS2,qPCR,R,AAGTAGCTCAAACGGGTCTTC,21,155,60,primer conc reduced (quarter)
KCNJ2,qPCR,F,TCCATGTCCCCATGCTCC,18,120,60,non-specific band ~244 bp; primer conc reduced (half)
KCNJ2,qPCR,R,TCTCTGGGAGCCTTGTGG,18,120,60,non-specific band ~244 bp; primer conc reduced (half)
CACNA2D1,qPCR,F,ACCACGTTTTACACTGTGCCC,21,101,62,primer conc reduced (half)
CACNA2D1,qPCR,R,GAGATTTGGGGTTCTTTGGCTGA,23,101,62,primer conc reduced (half)
FOS,qPCR,F,TACTACCACTCACCCGCAGA,20,105,60,
FOS,qPCR,R,CGTGGGAATGAAGTTGGCAC,20,105,60,
BALR2 (CDK6-AS1),qPCR,F,AGCAGCAAAGCAAAGCCTGGGA,22,101,60,primer conc reduced (half)
BALR2 (CDK6-AS1),qPCR,R,CACGGCGTGGCAGCTTTCAG,20,101,60,primer conc reduced (half)
lincMTX2 (LINC01116/TALNEC2),qPCR,F,AACGCTTTTGAATATGGGGAC,21,67,60,
lincMTX2 (LINC01116/TALNEC2),qPCR,R,CAATCACAGAGCTCTCCTTGC,21,67,60,
lincTNS1 (DIRC3),qPCR,F,GGGAGTATGCCTCCAGACAG,20,70,60,
lincTNS1 (DIRC3),qPCR,R,GTCGATCAGCAAGCTCAGTG,20,70,60,
lincZFP161 (LINC00667),qPCR,F,AATTGGAAGGAAACACAGCC,20,55,62,cDNA input reduced (half)
lincZFP161 (LINC00667),qPCR,R,GACTGCAGGCCACAGACAG,19,55,62,cDNA input reduced (half)
GAPDH,RT-PCR QC,F,CATCAAGAAGGTGGTGAAGCAG,22,120,60,cDNA quality check
GAPDH,RT-PCR QC,R,GCGTCAAAGGTGGAGGAGTG,20,120,60,cDNA quality check
